X,Y,U,V
0.0375,0,-3.75,0
0.075,0,-3.75,0
0.1125,0,-3.75,0
0.15,0,-3.75,0
0.1875,0,-3.75,0
0.225,0,-3.75,0
0.2625,0,-3.75,0
0.3,0,-3.75,0
0.3375,0,-3.75,0
0.375,0,-3.75,0
0.4125,0,-3.75,0
0.45,0,-3.75,0
0.4875,0,-3.75,0
0.525,0,-3.75,0
0.5625,0,-3.75,0
0.6,0,-3.75,0
0.6375,0,-3.75,0
0.675,0,-3.75,0
0.7125,0,-3.75,0
0.75,0,-3.75,0
0.7875,0,-3.75,0
0.825,0,-3.75,0
0.8625,0,-3.75,0
0.9,0,-3.75,0
0.9375,0,-3.75,0
0.975,0,-3.75,0
1.0125,0,-3.75,0
1.05,0,-3.75,0
1.0875,0,-3.75,0
1.125,0,-3.75,0
1.1625,0,-3.75,0
1.2,0,-3.75,0
1.2375,0,-3.75,0
1.275,0,-3.75,0
1.3125,0,-3.75,0
1.35,0,-3.75,0
1.3875,0,-3.75,0
1.425,0,-3.75,0
1.4625,0,-3.75,0
1.5,0,-3.75,0
1.5375,0,-3.75,0
1.575,0,-3.75,0
1.6125,0,-3.75,0
1.65,0,-3.75,0
1.6875,0,-3.75,0
1.725,0,-3.75,0
1.7625,0,-3.75,0
1.8,0,-3.75,0
1.8375,0,-3.75,0
1.875,0,-3.75,0
1.9125,0,-3.75,0
1.95,0,-3.75,0
1.9875,0,-3.75,0
2.025,0,-3.75,0
2.0625,0,-3.75,0
2.1,0,-3.75,0
2.1375,0,-3.75,0
2.175,0,-3.75,0
2.2125,0,-3.75,0
2.25,0,-3.75,0
2.2875,0,-3.75,0
2.31942,-0.00326027,-3.19168,0.326027
2.35107,-0.00674766,-3.16519,0.348739
2.38245,-0.010476,-3.13808,0.372831
2.41355,-0.0144595,-3.1104,0.398348
2.44438,-0.0187127,-3.08226,0.425327
2.47491,-0.0232507,-3.05373,0.453799
2.50516,-0.0280886,-3.02495,0.483786
2.53512,-0.0332416,-2.99604,0.515298
2.56479,-0.0387249,-2.96715,0.548336
2.59418,-0.0445538,-2.93844,0.582885
2.62328,-0.0507429,-2.91009,0.618915
2.6521,-0.0573067,-2.88228,0.656382
2.68066,-0.064259,-2.85523,0.695221
2.70895,-0.0716124,-2.82915,0.735349
2.73699,-0.0793791,-2.80427,0.776664
2.7648,-0.0875695,-2.78081,0.819042
2.79239,-0.0961929,-2.75902,0.862341
2.81978,-0.105257,-2.73912,0.906394
2.84699,-0.114767,-2.72136,0.95102
2.87405,-0.124727,-2.70595,0.996014
2.90098,-0.135139,-2.69311,1.04116
2.92781,-0.146001,-2.68303,1.08622
2.95457,-0.157311,-2.67588,1.13095
2.98129,-0.169062,-2.67183,1.1751
3.008,-0.181245,-2.67099,1.2184
3.03474,-0.193851,-2.67347,1.26059
3.06153,-0.206865,-2.67932,1.30141
3.08841,-0.220271,-2.68858,1.34059
3.11543,-0.23405,-2.70124,1.37789
3.1426,-0.248181,-2.71727,1.41307
3.16997,-0.26264,-2.7366,1.4459
3.19756,-0.277402,-2.75913,1.47617
3.2254,-0.292438,-2.78472,1.50369
3.25354,-0.307721,-2.8132,1.5283
3.28198,-0.32322,-2.8444,1.54985
3.31076,-0.338902,-2.87811,1.56822
3.3399,-0.354735,-2.91409,1.58331
3.36942,-0.370686,-2.95209,1.59506
3.39934,-0.38672,-2.99188,1.60342
3.42967,-0.402804,-3.03317,1.60838
3.46043,-0.418903,-3.07571,1.60994
3.49162,-0.434984,-3.11921,1.60812
3.52326,-0.451014,-3.1634,1.60299
3.55534,-0.466961,-3.20803,1.59463
3.58786,-0.482792,-3.25284,1.58312
3.62084,-0.498478,-3.29756,1.56857
3.65426,-0.513989,-3.34197,1.55113
3.68812,-0.529298,-3.38585,1.53094
3.72241,-0.54438,-3.42897,1.50814
3.75712,-0.559209,-3.47116,1.48292
3.79224,-0.573763,-3.51223,1.45545
3.82776,-0.588023,-3.55203,1.42591
3.86367,-0.601968,-3.59041,1.3945
3.89994,-0.615582,-3.62727,1.3614
3.93656,-0.62885,-3.66249,1.32681
3.97352,-0.641759,-3.696,1.29093
4.0108,-0.654298,-3.72773,1.25393
4.04838,-0.666458,-3.75762,1.21601
4.08623,-0.678232,-3.78565,1.17736
4.12362,-0.689688,-3.73903,1.14556
4.16128,-0.700817,-3.7658,1.11297
4.19851,-0.711634,-3.72247,1.08163
4.23599,-0.722176,-3.748,1.05424
4.27371,-0.732433,-3.77224,1.02572
4.31103,-0.742436,-3.7324,1.0003
4.34859,-0.752197,-3.75566,0.976068
4.38637,-0.761704,-3.77779,0.950683
4.42378,-0.771004,-3.74092,0.93001
4.4614,-0.780086,-3.76227,0.908245
4.49867,-0.788957,-3.72747,0.887035
4.53616,-0.797642,-3.74803,0.8685
4.57383,-0.806129,-3.76776,0.848728
4.61118,-0.81444,-3.7352,0.831113
4.64873,-0.822581,-3.75429,0.814142
4.68645,-0.830541,-3.77262,0.795979
4.72387,-0.838355,-3.74205,0.781382
4.76147,-0.846012,-3.75985,0.765679
4.79878,-0.853514,-3.73069,0.750231
4.83626,-0.860882,-3.74795,0.736777
4.87391,-0.868103,-3.76463,0.722136
4.91128,-0.875195,-3.73703,0.709127
4.94881,-0.88216,-3.75326,0.6965
4.9865,-0.888987,-3.76894,0.682741
5.02393,-0.895705,-3.74276,0.671845
5.06151,-0.902305,-3.75807,0.659903
5.09923,-0.908773,-3.77287,0.646883
5.13711,-0.915102,-3.78709,0.632868
5.1751,-0.921284,-3.79953,0.618221
5.21321,-0.927312,-3.81102,0.602824
5.25143,-0.93318,-3.82174,0.586725
5.28974,-0.93888,-3.83163,0.570014
5.32815,-0.944408,-3.84068,0.552784
5.36664,-0.949759,-3.84888,0.535126
5.4052,-0.95493,-3.85619,0.517128
5.44383,-0.959919,-3.86262,0.498876
5.48116,-0.958743,-3.73274,-0.117601
5.51846,-0.957573,-3.73048,-0.116952
5.55574,-0.956411,-3.7281,-0.116257
5.593,-0.955256,-3.72559,-0.115513
5.63023,-0.954109,-3.72294,-0.114718
5.66743,-0.95297,-3.72015,-0.113867
5.7046,-0.95184,-3.71721,-0.112956
5.74174,-0.950721,-3.71411,-0.111981
5.77885,-0.949611,-3.71083,-0.110938
5.81592,-0.948513,-3.70739,-0.109821
5.85296,-0.947427,-3.70375,-0.108626
5.88996,-0.946353,-3.69991,-0.107346
5.92692,-0.945293,-3.69586,-0.105976
5.96384,-0.944248,-3.6916,-0.104508
6.00071,-0.943219,-3.68709,-0.102937
6.03753,-0.942206,-3.68235,-0.101254
6.0743,-0.941212,-3.67734,-0.0994502
6.11102,-0.940237,-3.67205,-0.0975179
6.14769,-0.939282,-3.66647,-0.095447
6.18429,-0.93835,-3.66059,-0.0932273
6.22084,-0.937442,-3.65439,-0.0908476
6.25732,-0.936559,-3.64784,-0.088296
6.29373,-0.935703,-3.64093,-0.0855597
6.33006,-0.934877,-3.63364,-0.0826246
6.36632,-0.934082,-3.62594,-0.0794757
6.4025,-0.933321,-3.61783,-0.0760971
6.43859,-0.932596,-3.60927,-0.0724712
6.47459,-0.931911,-3.60023,-0.0685794
6.5105,-0.931267,-3.59071,-0.0644016
6.54631,-0.930667,-3.58066,-0.059916
6.58201,-0.930116,-3.57006,-0.0550995
6.6176,-0.929617,-3.55888,-0.049927
6.65307,-0.929173,-3.5471,-0.0443716
6.68842,-0.928789,-3.53468,-0.0384046
6.72363,-0.928469,-3.5216,-0.0319952
6.75871,-0.928218,-3.50782,-0.0251104
6.79364,-0.928041,-3.4933,-0.0177149
6.82842,-0.927943,-3.47803,-0.00977107
6.86304,-0.927931,-3.46196,-0.00123893
6.89749,-0.92801,-3.44506,0.0079241
6.93177,-0.928188,-3.42731,0.0177632
6.96585,-0.928471,-3.40866,0.028326
6.99974,-0.928868,-3.3891,0.0396628
7.03343,-0.929386,-3.36859,0.0518266
7.0669,-0.930035,-3.34711,0.0648727
7.10015,-0.930823,-3.32464,0.0788588
7.13316,-0.931762,-3.30116,0.0938448
7.16593,-0.932861,-3.27665,0.109892
7.19844,-0.934131,-3.25112,0.127065
7.23068,-0.935586,-3.22455,0.145426
7.26265,-0.937236,-3.19696,0.165041
7.29434,-0.939096,-3.16837,0.185975
7.32572,-0.941179,-3.1388,0.20829
7.35681,-0.943499,-3.1083,0.232049
7.38758,-0.946072,-3.07691,0.257311
7.41802,-0.948914,-3.0447,0.284128
7.44814,-0.952039,-3.01176,0.312551
7.47792,-0.955465,-2.97819,0.342619
7.50736,-0.959209,-2.9441,0.374366
7.53646,-0.963287,-2.90964,0.407814
7.56521,-0.967717,-2.87497,0.442971
7.59361,-0.972515,-2.84025,0.479833
7.62167,-0.977699,-2.80568,0.518378
7.64938,-0.983285,-2.77149,0.558569
7.67676,-0.989288,-2.73789,0.600348
7.70381,-0.995724,-2.70515,0.643635
7.73055,-1.00261,-2.67352,0.68833
7.75698,-1.00995,-2.64327,0.734311
7.78313,-1.01777,-2.61468,0.781432
7.80901,-1.02606,-2.58803,0.829527
7.83464,-1.03484,-2.56359,0.878405
7.86006,-1.04412,-2.54165,0.927858
7.88529,-1.0539,-2.52246,0.977656
7.91035,-1.06418,-2.50627,1.02756
7.93528,-1.07495,-2.4933,1.0773
7.96012,-1.08621,-2.48374,1.12662
7.9849,-1.09797,-2.47778,1.17523
8.00965,-1.1102,-2.47553,1.22287
8.03442,-1.12289,-2.47712,1.26925
8.05925,-1.13603,-2.4826,1.31409
8.08417,-1.1496,-2.492,1.35713
8.10922,-1.16358,-2.5053,1.3981
8.13445,-1.17795,-2.52247,1.43677
8.15988,-1.19268,-2.54341,1.4729
8.18556,-1.20774,-2.56802,1.50629
8.21152,-1.22311,-2.59612,1.53673
8.2378,-1.23875,-2.62755,1.56408
8.26442,-1.25463,-2.6621,1.58817
8.29141,-1.27072,-2.69954,1.60889
8.31881,-1.28698,-2.73961,1.62614
8.34663,-1.30338,-2.78206,1.63984
8.3749,-1.31988,-2.8266,1.64996
8.40363,-1.33644,-2.87295,1.65646
8.43283,-1.35304,-2.92083,1.65935
8.46253,-1.36962,-2.96992,1.65865
8.49273,-1.38617,-3.01995,1.6544
8.52344,-1.40263,-3.07062,1.64666
8.55466,-1.41899,-3.12166,1.63553
8.58638,-1.4352,-3.17278,1.6211
8.61862,-1.45124,-3.22372,1.6035
8.65136,-1.46706,-3.27424,1.58287
8.6846,-1.48266,-3.32409,1.55934
8.71833,-1.49799,-3.37306,1.5331
8.75254,-1.51303,-3.42095,1.5043
8.78722,-1.52776,-3.46756,1.47313
8.82235,-1.54216,-3.51273,1.43978
8.85791,-1.5562,-3.55632,1.40445
8.89389,-1.56988,-3.59818,1.36732
8.93027,-1.58316,-3.63822,1.32861
8.96704,-1.59605,-3.67634,1.28852
9.00416,-1.60852,-3.71247,1.24723
9.04163,-1.62057,-3.74656,1.20495
9.07941,-1.63219,-3.77856,1.16187
9.11667,-1.64344,-3.72542,1.12519
9.15423,-1.65434,-3.75592,1.08931
9.19129,-1.66487,-3.70657,1.05333
9.22865,-1.6751,-3.73561,1.02358
9.26628,-1.68503,-3.76324,0.992483
9.30346,-1.69466,-3.7178,0.963493
9.3409,-1.70404,-3.74429,0.937411
9.3786,-1.71314,-3.76956,0.909948
9.41587,-1.722,-3.72744,0.886512
9.45339,-1.73063,-3.75181,0.863242
9.49051,-1.73903,-3.712,0.839183
9.52787,-1.74722,-3.73545,0.819644
9.56545,-1.75521,-3.75804,0.798612
9.60265,-1.763,-3.72069,0.778706
9.64008,-1.77061,-3.74253,0.7609
9.67771,-1.77802,-3.76359,0.741647
9.715,-1.78527,-3.72841,0.725219
9.75249,-1.79236,-3.74886,0.708793
9.78964,-1.79928,-3.71522,0.691328
9.82699,-1.80605,-3.73505,0.677488
9.86453,-1.81267,-3.75429,0.662202
9.90176,-1.81915,-3.72234,0.64753
9.93917,-1.82549,-3.74106,0.63456
9.97676,-1.8317,-3.75924,0.620203
10.014,-1.83777,-3.72881,0.607955
10.0515,-1.84373,-3.74655,0.59569
10.0891,-1.84955,-3.76379,0.582097
10.127,-1.85523,-3.78043,0.567266
10.1649,-1.86074,-3.79642,0.551293
10.203,-1.86608,-3.8117,0.534279
10.2413,-1.87124,-3.82622,0.516324
10.2797,-1.87622,-3.83994,0.497533
10.3182,-1.881,-3.85281,0.478009
10.3569,-1.88558,-3.86483,0.457854
10.3956,-1.88995,-3.87596,0.437169
10.4345,-1.89411,-3.8862,0.416054
10.4735,-1.89806,-3.89555,0.394602
10.5125,-1.90179,-3.90401,0.372906
10.5516,-1.9053,-3.91159,0.351053
10.5908,-1.90859,-3.9183,0.329125
10.63,-1.91166,-3.92417,0.307199
10.6693,-1.91451,-3.92921,0.285348
10.7087,-1.91715,-3.93346,0.263637
10.748,-1.91957,-3.93694,0.242129
10.7874,-1.92178,-3.93969,0.220878
10.8268,-1.92378,-3.94174,0.199935
10.8663,-1.92557,-3.94313,0.179344
10.9057,-1.92716,-3.94389,0.159145
10.9452,-1.92856,-3.94408,0.139371
10.9846,-1.92976,-3.94371,0.120053
11.024,-1.93077,-3.94284,0.101216
11.0634,-1.9316,-3.9415,0.0828792
11.1028,-1.93225,-3.93973,0.0650604
11.1422,-1.93273,-3.93756,0.047772
11.1816,-1.93304,-3.93504,0.0310234
11.2209,-1.93319,-3.93219,0.0148207
11.2602,-1.93318,-3.92904,-0.000832833
11.2994,-1.93302,-3.92564,-0.0159367
11.3386,-1.93272,-3.92166,-0.0301137
11.3778,-1.93228,-3.9171,-0.043321
11.4169,-1.93172,-3.91236,-0.0559524
11.456,-1.93104,-3.90745,-0.0680141
11.495,-1.93025,-3.9024,-0.0795139
11.534,-1.92934,-3.89724,-0.0904607
11.5729,-1.92834,-3.89198,-0.100864
11.6118,-1.92723,-3.88665,-0.110736
11.6506,-1.92603,-3.88127,-0.120087
11.6894,-1.92474,-3.87585,-0.128931
11.7281,-1.92336,-3.87041,-0.137279
11.7667,-1.92191,-3.86497,-0.145145
11.8053,-1.92039,-3.85953,-0.152542
11.8439,-1.91879,-3.85411,-0.159484
11.8823,-1.91713,-3.84872,-0.165985
11.9208,-1.91541,-3.84338,-0.172059
11.9592,-1.91364,-3.83808,-0.177718
11.9975,-1.91181,-3.83285,-0.182978
12.0358,-1.90993,-3.82768,-0.18785
12.074,-1.908,-3.82259,-0.192349
12.1122,-1.90604,-3.81758,-0.196488
12.1503,-1.90404,-3.81266,-0.200279
12.1884,-1.902,-3.80782,-0.203736
12.2264,-1.89993,-3.80309,-0.206871
12.2644,-1.89783,-3.79846,-0.209696
12.3023,-1.89571,-3.79394,-0.212223
12.3402,-1.89357,-3.78952,-0.214464
12.3781,-1.8914,-3.78522,-0.216431
12.4159,-1.88922,-3.78103,-0.218134
12.4537,-1.88702,-3.77697,-0.219586
12.4914,-1.88482,-3.77302,-0.220798
12.5291,-1.8826,-3.7692,-0.221779
12.5667,-1.88037,-3.76551,-0.222541
12.6043,-1.87814,-3.76194,-0.223094
12.6419,-1.87591,-3.75851,-0.22345
12.6795,-1.87367,-3.7552,-0.223617
12.717,-1.87144,-3.75203,-0.223606
12.7545,-1.8692,-3.749,-0.223429
12.792,-1.86697,-3.7461,-0.223094
12.8294,-1.86474,-3.74334,-0.222611
12.8668,-1.86252,-3.74072,-0.221992
12.9042,-1.86031,-3.73824,-0.221246
12.9415,-1.85811,-3.7359,-0.220382
12.9789,-1.85591,-3.7337,-0.219412
13.0162,-1.85373,-3.73164,-0.218345
13.0535,-1.85156,-3.72973,-0.217192
13.0908,-1.8494,-3.72796,-0.215962
13.128,-1.84725,-3.72633,-0.214665
13.1653,-1.84512,-3.72485,-0.213312
13.2025,-1.843,-3.7235,-0.211913
13.2397,-1.8409,-3.7223,-0.210478
13.277,-1.83881,-3.72124,-0.209017
13.3142,-1.83673,-3.72032,-0.20754
13.3513,-1.83467,-3.71954,-0.206057
13.3885,-1.83262,-3.71889,-0.204578
13.4257,-1.83059,-3.71838,-0.203112
13.4629,-1.82858,-3.718,-0.20167
13.5001,-1.82657,-3.71774,-0.200261
13.5373,-1.82458,-3.71762,-0.198894
13.5744,-1.82261,-3.71761,-0.197579
13.6116,-1.82065,-3.71815,-0.196107
13.6488,-1.8187,-3.71946,-0.194379
13.686,-1.81678,-3.72083,-0.192763
13.7232,-1.81486,-3.72227,-0.191265
13.7605,-1.81296,-3.72377,-0.189892
13.7977,-1.81108,-3.72532,-0.188648
13.835,-1.8092,-3.72692,-0.187538
13.8723,-1.80734,-3.72857,-0.186567
13.9096,-1.80548,-3.73026,-0.185739
13.9469,-1.80363,-3.73199,-0.185058
13.9842,-1.80178,-3.73375,-0.184526
14.0216,-1.79994,-3.73553,-0.184146
14.059,-1.7981,-3.73733,-0.18392
14.0963,-1.79627,-3.73424,-0.18375
14.1337,-1.79443,-3.73605,-0.18342
14.1711,-1.7926,-3.73787,-0.183246
14.2084,-1.79077,-3.73475,-0.182993
14.2458,-1.78894,-3.73659,-0.182714
14.2832,-1.78712,-3.73843,-0.182593
14.3205,-1.78529,-3.73528,-0.182255
14.3579,-1.78347,-3.73714,-0.182028
14.3954,-1.78158,-3.75241,-0.188964
14.4329,-1.7797,-3.75398,-0.188532
14.4705,-1.77782,-3.75555,-0.188256
14.508,-1.77594,-3.75199,-0.187898
14.5456,-1.77406,-3.75354,-0.187496
14.5831,-1.77219,-3.75508,-0.187251
14.6206,-1.77032,-3.75142,-0.186774
14.6581,-1.76846,-3.75292,-0.186401
14.6956,-1.7666,-3.74918,-0.186087
14.7331,-1.76474,-3.75065,-0.185581
14.7707,-1.76289,-3.7521,-0.18523
14.8081,-1.76104,-3.74825,-0.184789
14.8456,-1.7592,-3.74966,-0.184301
14.8832,-1.75736,-3.75106,-0.183969
14.9206,-1.75552,-3.74708,-0.183391
14.9581,-1.75369,-3.74843,-0.182915
14.9956,-1.75187,-3.74434,-0.182495
15.033,-1.75005,-3.74563,-0.18187
15.0705,-1.74824,-3.74691,-0.181398
15.108,-1.74643,-3.74815,-0.181081
15.1455,-1.74462,-3.74936,-0.180916
15.183,-1.74281,-3.75053,-0.180904
15.2205,-1.741,-3.75164,-0.18104
15.258,-1.73918,-3.75269,-0.181323
15.2955,-1.73737,-3.75367,-0.181749
15.3331,-1.73554,-3.75457,-0.182312
15.3706,-1.73371,-3.75537,-0.183008
15.4082,-1.73188,-3.75609,-0.18383
15.4458,-1.73003,-3.75669,-0.184771
15.4833,-1.72817,-3.75718,-0.185824
15.5209,-1.7263,-3.75755,-0.186982
15.5585,-1.72442,-3.75778,-0.188234
15.5961,-1.72252,-3.75788,-0.189573
15.6336,-1.72061,-3.75784,-0.190987
15.6712,-1.71869,-3.75764,-0.192468
15.7088,-1.71675,-3.75728,-0.194003
15.7464,-1.71479,-3.75676,-0.195582
15.7839,-1.71282,-3.75606,-0.197193
15.8215,-1.71083,-3.7552,-0.198825
15.859,-1.70883,-3.75414,-0.200465
15.8965,-1.70681,-3.75291,-0.2021
15.9341,-1.70477,-3.75148,-0.203718
15.9716,-1.70272,-3.74985,-0.205306
16.009,-1.70065,-3.74803,-0.206851
16.0465,-1.69856,-3.746,-0.208339
16.0839,-1.69647,-3.74376,-0.209757
16.1214,-1.69435,-3.74131,-0.211092
16.1587,-1.69223,-3.73865,-0.212329
16.1961,-1.6901,-3.73577,-0.213455
16.2334,-1.68795,-3.73267,-0.214455
16.2707,-1.6858,-3.72935,-0.215316
16.308,-1.68364,-3.7258,-0.216023
16.3452,-1.68147,-3.72203,-0.216562
16.3824,-1.6793,-3.71802,-0.216917
16.4195,-1.67713,-3.71378,-0.217075
16.4566,-1.67496,-3.70931,-0.217021
16.4937,-1.6728,-3.7046,-0.216738
16.5306,-1.67063,-3.69965,-0.216212
16.5676,-1.66848,-3.69445,-0.215426
16.6045,-1.66634,-3.68902,-0.214365
16.6413,-1.66421,-3.68334,-0.213012
16.6781,-1.66209,-3.67741,-0.211351
16.7148,-1.66,-3.67124,-0.209364
16.7515,-1.65793,-3.66481,-0.207034
16.788,-1.65588,-3.65814,-0.204343
16.8245,-1.65387,-3.65121,-0.201272
16.861,-1.65189,-3.64404,-0.197803
16.8974,-1.64995,-3.63661,-0.193918
16.9336,-1.64806,-3.62894,-0.189595
16.9699,-1.64621,-3.62102,-0.184815
17.006,-1.64442,-3.61286,-0.179558
17.042,-1.64268,-3.60446,-0.173803
17.078,-1.641,-3.59582,-0.16753
17.1139,-1.63939,-3.58696,-0.160717
17.1496,-1.63786,-3.57788,-0.153342
17.1853,-1.63641,-3.56858,-0.145385
17.2209,-1.63504,-3.55909,-0.136826
17.2564,-1.63376,-3.54941,-0.127642
17.2918,-1.63258,-3.53956,-0.117815
17.3271,-1.63151,-3.52956,-0.107325
17.3623,-1.63055,-3.51943,-0.0961536
17.3974,-1.62971,-3.5092,-0.0842841
17.4324,-1.62899,-3.49888,-0.0717012
17.4673,-1.62841,-3.48852,-0.0583919
17.502,-1.62796,-3.47814,-0.0443453
17.5367,-1.62767,-3.46778,-0.0295536
17.5713,-1.62753,-3.45748,-0.0140121
17.6058,-1.62755,-3.44729,0.00227979
17.6401,-1.62774,-3.43726,0.0193185
17.6744,-1.62811,-3.42743,0.0370957
17.7086,-1.62867,-3.41787,0.0555973
17.7427,-1.62942,-3.40864,0.0748037
17.7767,-1.63036,-3.3998,0.0946883
17.8106,-1.63152,-3.39142,0.115218
17.8444,-1.63288,-3.38356,0.136352
17.8782,-1.63446,-3.37629,0.158041
17.9119,-1.63626,-3.3697,0.18023
17.9455,-1.63829,-3.36386,0.202852
17.9791,-1.64055,-3.35883,0.225833
18.0127,-1.64304,-3.35469,0.249091
18.0462,-1.64577,-3.35174,0.272733
18.0797,-1.64874,-3.35037,0.296934
18.1132,-1.65195,-3.35009,0.321083
18.1467,-1.6554,-3.35094,0.345068
18.1802,-1.65909,-3.35299,0.368767
18.2138,-1.66301,-3.35628,0.392055
18.2474,-1.66716,-3.36084,0.414803
18.2811,-1.67152,-3.3667,0.436878
18.3148,-1.67611,-3.37389,0.458144
18.3486,-1.68089,-3.38239,0.478468
18.3825,-1.68587,-3.39221,0.497717
18.4166,-1.69102,-3.40332,0.515763
18.4507,-1.69635,-3.41569,0.53248
18.485,-1.70183,-3.42928,0.547752
18.5195,-1.70744,-3.44403,0.561469
18.5541,-1.71318,-3.45986,0.573534
18.5888,-1.71902,-3.4767,0.583857
18.6238,-1.72494,-3.49446,0.592365
18.6589,-1.73093,-3.51304,0.598996
18.6942,-1.73697,-3.53233,0.603702
18.7297,-1.74303,-3.55222,0.606451
18.7655,-1.7491,-3.57258,0.607226
18.8014,-1.75516,-3.5933,0.606024
18.8375,-1.76119,-3.61426,0.602857
18.8739,-1.76717,-3.63533,0.597754
18.9105,-1.77308,-3.65638,0.590755
18.9472,-1.7789,-3.67731,0.581915
18.9842,-1.78461,-3.69799,0.571298
19.0214,-1.7902,-3.71832,0.558984
19.0588,-1.79565,-3.73819,0.545059
19.0958,-1.80096,-3.70461,0.530863
19.1331,-1.80615,-3.72401,0.519199
19.1705,-1.81121,-3.74297,0.505982
19.2076,-1.81615,-3.7107,0.49407
19.2449,-1.82098,-3.72926,0.482924
19.2824,-1.82568,-3.74741,0.470279
19.3195,-1.83029,-3.71633,0.460404
19.3569,-1.83478,-3.73415,0.449669
19.3939,-1.83917,-3.7039,0.438353
19.4311,-1.84346,-3.72136,0.429434
19.4685,-1.84765,-3.73851,0.419046
19.5056,-1.85175,-3.70922,0.4095
19.5429,-1.85576,-3.72606,0.400807
19.5803,-1.85966,-3.74261,0.390692
19.6174,-1.86349,-3.71421,0.382759
19.6547,-1.86723,-3.7305,0.374234
19.6918,-1.87088,-3.70272,0.364873
19.729,-1.87446,-3.71873,0.357878
19.7663,-1.87795,-3.73452,0.34949
19.8034,-1.88137,-3.70746,0.34157
19.8406,-1.88472,-3.72302,0.33463
19.878,-1.88798,-3.73835,0.326338
19.9151,-1.89118,-3.71197,0.319755
19.9524,-1.89431,-3.7271,0.312837
19.9898,-1.89735,-3.74201,0.304606
20.0274,-1.9003,-3.75662,0.295113
20.0651,-1.90315,-3.77087,0.284419
20.1029,-1.90587,-3.78468,0.272591
20.1409,-1.90847,-3.798,0.259699
20.179,-1.91093,-3.81078,0.245821
20.2172,-1.91324,-3.82296,0.231035
20.2556,-1.91539,-3.83451,0.215424
20.294,-1.91738,-3.84539,0.199072
20.3326,-1.9192,-3.85558,0.182064
20.3712,-1.92085,-3.86505,0.164484
20.41,-1.92231,-3.87378,0.146416
20.4488,-1.92359,-3.88177,0.127944
20.4877,-1.92468,-3.88901,0.109146
20.5266,-1.92559,-3.8955,0.0901015
20.5657,-1.92629,-3.90126,0.0708848
20.6047,-1.92681,-3.90628,0.051567
20.6438,-1.92713,-3.91059,0.0322154
20.683,-1.92726,-3.91421,0.0128934
20.7221,-1.9272,-3.91715,-0.00634027
20.7613,-1.92694,-3.91944,-0.025431
20.8005,-1.9265,-3.92111,-0.0443288
20.8398,-1.92587,-3.92218,-0.0629881
20.879,-1.92506,-3.92269,-0.0813678
20.9182,-1.92406,-3.92267,-0.0994313
20.9574,-1.92289,-3.92214,-0.117146
20.9967,-1.92155,-3.92115,-0.134484
21.0359,-1.92003,-3.91972,-0.15142
21.075,-1.91835,-3.91788,-0.167934
21.1142,-1.91651,-3.91568,-0.18401
21.1533,-1.91452,-3.91313,-0.199632
21.1924,-1.91237,-3.91028,-0.214791
21.2315,-1.91007,-3.90714,-0.229479
21.2705,-1.90764,-3.90376,-0.243691
21.3095,-1.90506,-3.90015,-0.257424
21.3485,-1.90235,-3.89635,-0.270677
21.3874,-1.89952,-3.89237,-0.283453
21.4263,-1.89656,-3.88825,-0.295755
21.4651,-1.89349,-3.884,-0.307587
21.5039,-1.8903,-3.87965,-0.318956
21.5427,-1.887,-3.87521,-0.329869
21.5814,-1.8836,-3.87071,-0.340336
21.6201,-1.88009,-3.86616,-0.350365
21.6587,-1.87649,-3.86158,-0.359967
21.6972,-1.8728,-3.85699,-0.369153
21.7358,-1.86902,-3.85238,-0.377934
21.7742,-1.86516,-3.84779,-0.386321
21.8127,-1.86121,-3.84322,-0.394328
21.8511,-1.85719,-3.83868,-0.401967
21.8894,-1.8531,-3.83417,-0.409249
21.9277,-1.84894,-3.82972,-0.416187
21.966,-1.84471,-3.82532,-0.422794
22.004,-1.84066,-3.80388,-0.40517
22.042,-1.83657,-3.79854,-0.409299
22.0799,-1.83244,-3.79327,-0.413064
22.1178,-1.82827,-3.78808,-0.416475
22.1556,-1.82408,-3.78297,-0.419544
22.1934,-1.81985,-3.77794,-0.422282
22.2311,-1.81561,-3.773,-0.424697
22.2688,-1.81134,-3.76816,-0.426802
22.3064,-1.80705,-3.76342,-0.428605
22.344,-1.80275,-3.75878,-0.430117
22.3816,-1.79844,-3.75425,-0.431348
22.4191,-1.79412,-3.74983,-0.432306
22.4565,-1.78979,-3.74552,-0.433003
22.4939,-1.78545,-3.74133,-0.433446
22.5313,-1.78111,-3.73726,-0.433647
22.5687,-1.77678,-3.73332,-0.433613
22.6059,-1.77244,-3.7295,-0.433354
22.6432,-1.76812,-3.72581,-0.432879
22.6804,-1.76379,-3.72225,-0.432199
22.7176,-1.75948,-3.71883,-0.431321
22.7548,-1.75518,-3.71554,-0.430256
22.7919,-1.75089,-3.7124,-0.429013
22.829,-1.74661,-3.7094,-0.427601
22.8661,-1.74235,-3.70655,-0.426031
22.9031,-1.73811,-3.70384,-0.424312
22.9401,-1.73388,-3.70129,-0.422455
22.9771,-1.72968,-3.69889,-0.42047
23.0141,-1.7255,-3.69665,-0.418367
23.051,-1.72133,-3.69457,-0.416158
23.0879,-1.7172,-3.69265,-0.413853
23.1248,-1.71308,-3.69089,-0.411464
23.1617,-1.70899,-3.6893,-0.409002
23.1986,-1.70493,-3.68788,-0.406479
23.2355,-1.70089,-3.68663,-0.403908
23.2723,-1.69687,-3.68554,-0.401299
23.3092,-1.69289,-3.68463,-0.398667
23.346,-1.68893,-3.68388,-0.396024
23.3829,-1.68499,-3.68331,-0.393382
23.4197,-1.68109,-3.68291,-0.390755
23.4565,-1.6772,-3.68268,-0.388156
23.4933,-1.67335,-3.68262,-0.385597
23.5302,-1.66952,-3.68272,-0.383092
23.567,-1.66571,-3.68299,-0.380654
23.6038,-1.66193,-3.68342,-0.378296
23.6407,-1.65817,-3.68401,-0.376031
23.6775,-1.65443,-3.68475,-0.373871
23.7144,-1.65071,-3.68564,-0.371829
23.7512,-1.64701,-3.68667,-0.369916
23.7881,-1.64333,-3.68784,-0.368144
23.825,-1.63966,-3.68914,-0.366524
23.8619,-1.63601,-3.69057,-0.365066
23.8988,-1.63238,-3.69211,-0.36378
23.9358,-1.62875,-3.69376,-0.362675
23.9727,-1.62513,-3.69551,-0.361759
24.0097,-1.62152,-3.69735,-0.361041
24.0467,-1.61792,-3.69927,-0.360525
24.0837,-1.61431,-3.70127,-0.360219
24.1207,-1.61072,-3.69592,-0.359565
24.1576,-1.60713,-3.698,-0.359066
24.1946,-1.60354,-3.69261,-0.358655
24.2315,-1.59996,-3.69476,-0.357961
24.2685,-1.59639,-3.69698,-0.357488
24.3054,-1.59282,-3.69156,-0.356922
24.3423,-1.58926,-3.69385,-0.356257
24.3793,-1.5857,-3.69622,-0.355824
24.4162,-1.58215,-3.69074,-0.355104
24.4531,-1.5786,-3.69317,-0.354479
24.49,-1.57506,-3.68764,-0.354036
24.5269,-1.57153,-3.69013,-0.353216
24.5639,-1.568,-3.69269,-0.35264
24.6007,-1.56448,-3.68709,-0.352054
24.6376,-1.56097,-3.68972,-0.351283
24.6745,-1.55746,-3.6924,-0.350764
24.7116,-1.55402,-3.70591,-0.343778
24.7487,-1.55059,-3.70893,-0.3431
24.7858,-1.54717,-3.71199,-0.34269
24.8229,-1.54375,-3.70648,-0.341856
24.86,-1.54033,-3.70958,-0.341263
24.897,-1.53693,-3.70396,-0.340749
24.9341,-1.53353,-3.70708,-0.339967
24.9712,-1.53013,-3.71026,-0.339463
25.0083,-1.52674,-3.71347,-0.339243
25.0455,-1.52335,-3.71671,-0.339308
25.0827,-1.51995,-3.71997,-0.339662
25.1199,-1.51655,-3.72323,-0.340306
25.1572,-1.51313,-3.72649,-0.341239
25.1945,-1.50971,-3.72972,-0.342459
25.2318,-1.50627,-3.73293,-0.343964
25.2692,-1.50281,-3.73608,-0.34575
25.3066,-1.49934,-3.73918,-0.347811
25.344,-1.49583,-3.74222,-0.35014
25.3814,-1.49231,-3.74517,-0.35273
25.4189,-1.48875,-3.74804,-0.355573
25.4564,-1.48516,-3.7508,-0.358658
25.494,-1.48154,-3.75346,-0.361975
25.5315,-1.47789,-3.756,-0.365512
25.5691,-1.4742,-3.75842,-0.369258
25.6067,-1.47046,-3.7607,-0.3732
25.6443,-1.46669,-3.76285,-0.377324
25.682,-1.46288,-3.76485,-0.381617
25.7197,-1.45901,-3.76671,-0.386064
25.7573,-1.45511,-3.76841,-0.390652
25.795,-1.45115,-3.76996,-0.395367
25.8328,-1.44715,-3.77136,-0.400192
25.8705,-1.4431,-3.77259,-0.405116
25.9082,-1.439,-3.77367,-0.410122
25.946,-1.43485,-3.7746,-0.415197
25.9837,-1.43064,-3.77536,-0.420328
26.0215,-1.42639,-3.77597,-0.4255
26.0592,-1.42208,-3.77643,-0.430702
26.097,-1.41772,-3.77674,-0.435919
26.1348,-1.41331,-3.7769,-0.441141
26.1725,-1.40885,-3.77692,-0.446355
26.2103,-1.40433,-3.77681,-0.451552
26.2481,-1.39977,-3.77656,-0.456719
26.2858,-1.39515,-3.77619,-0.461849
26.3236,-1.39048,-3.77569,-0.466931
26.3613,-1.38576,-3.77508,-0.471957
26.3991,-1.38099,-3.77435,-0.476919
26.4368,-1.37617,-3.77352,-0.481811
26.4746,-1.37131,-3.7726,-0.486625
26.5123,-1.36639,-3.77158,-0.491356
26.55,-1.36143,-3.77048,-0.495999
26.5877,-1.35643,-3.76929,-0.500549
26.6253,-1.35138,-3.76804,-0.505001
26.663,-1.34628,-3.76671,-0.509352
26.7007,-1.34115,-3.76532,-0.5136
26.7383,-1.33597,-3.76388,-0.517741
26.7759,-1.33075,-3.76239,-0.521773
26.8135,-1.32549,-3.76085,-0.525696
26.8511,-1.3202,-3.75928,-0.529508
26.8887,-1.31487,-3.75767,-0.533207
26.9263,-1.3095,-3.75603,-0.536795
26.9638,-1.3041,-3.75436,-0.54027
27.0013,-1.29866,-3.75268,-0.543632
27.0388,-1.29319,-3.75098,-0.546884
27.0763,-1.28769,-3.74927,-0.550025
27.1138,-1.28216,-3.74755,-0.553056
27.1513,-1.2766,-3.74583,-0.555979
27.1887,-1.27101,-3.74411,-0.558795
27.2261,-1.2654,-3.74239,-0.561506
27.2635,-1.25976,-3.74068,-0.564113
27.3009,-1.25409,-3.73898,-0.566619
27.3383,-1.2484,-3.73729,-0.569026
27.3757,-1.24269,-3.73561,-0.571336
27.413,-1.23695,-3.73394,-0.573551
27.4503,-1.23119,-3.7323,-0.575674
27.4876,-1.22542,-3.73068,-0.577706
27.5249,-1.21962,-3.72907,-0.57965
27.5622,-1.21381,-3.72749,-0.581509
27.5995,-1.20797,-3.72594,-0.583286
27.6367,-1.20212,-3.72441,-0.584982
27.6737,-1.19608,-3.701,-0.604221
27.7107,-1.19004,-3.701,-0.604221
27.7477,-1.184,-3.701,-0.604221
27.7847,-1.17795,-3.701,-0.604221
27.8218,-1.17191,-3.701,-0.604221
27.8588,-1.16587,-3.701,-0.604221
27.8958,-1.15983,-3.701,-0.604221
27.9328,-1.15379,-3.701,-0.604221
27.9698,-1.14774,-3.701,-0.604221
28.0068,-1.1417,-3.701,-0.604221
28.0438,-1.13566,-3.701,-0.604221
28.0808,-1.12962,-3.701,-0.604221
28.1178,-1.12357,-3.701,-0.604221
28.1548,-1.11753,-3.701,-0.604221
28.1919,-1.11149,-3.701,-0.604221
28.2289,-1.10545,-3.701,-0.604221
28.2659,-1.09941,-3.701,-0.604221
28.3029,-1.09336,-3.701,-0.604221
28.3399,-1.08732,-3.701,-0.604221
28.3769,-1.08128,-3.701,-0.604221
28.4139,-1.07524,-3.701,-0.604221
28.4509,-1.06919,-3.701,-0.604221
28.4879,-1.06315,-3.701,-0.604221
28.5249,-1.05711,-3.701,-0.604221
28.562,-1.05107,-3.701,-0.604221
28.599,-1.04503,-3.701,-0.604221
28.636,-1.03898,-3.701,-0.604221
28.673,-1.03294,-3.701,-0.604221
28.71,-1.0269,-3.701,-0.604221
28.747,-1.02086,-3.701,-0.604221
28.784,-1.01481,-3.701,-0.604221
28.821,-1.00877,-3.701,-0.604221
28.858,-1.00273,-3.701,-0.604221
28.895,-0.996688,-3.701,-0.604221
28.9321,-0.990646,-3.701,-0.604221
28.9638,-1.02291,-3.1756,3.22593
29.0008,-1.01664,-3.69729,-0.62655
29.0378,-1.01037,-3.69729,-0.62655
29.0747,-1.00411,-3.69729,-0.62655
29.1117,-0.997843,-3.69729,-0.62655
29.1496,-1.02934,-3.78584,3.14941
29.1865,-1.02284,-3.69327,-0.649801
29.2234,-1.01634,-3.69327,-0.649801
29.2604,-1.00984,-3.69327,-0.649801
29.2973,-1.00335,-3.69327,-0.649801
29.3342,-0.996847,-3.69327,-0.649801
29.3738,-1.02815,-3.95282,3.13022
29.4106,-1.02141,-3.68891,-0.674117
29.4475,-1.01467,-3.68891,-0.674117
29.4844,-1.00793,-3.68891,-0.674117
29.5213,-1.00118,-3.68891,-0.674117
29.5582,-0.994443,-3.68891,-0.674117
29.5919,-1.02576,-3.36895,3.13158
29.6287,-1.01877,-3.68431,-0.698805
29.6656,-1.01178,-3.68431,-0.698805
29.7024,-1.0048,-3.68431,-0.698805
29.7393,-0.997807,-3.68431,-0.698805
29.7791,-1.02847,-3.98057,3.0661
29.8159,-1.02122,-3.67929,-0.724781
29.8527,-1.01397,-3.67929,-0.724781
29.8894,-1.00672,-3.67929,-0.724781
29.9262,-0.999477,-3.67929,-0.724781
29.965,-1.02974,-3.87622,3.02616
30.0017,-1.02222,-3.67395,-0.751382
30.0385,-1.01471,-3.67395,-0.751382
30.0752,-1.0072,-3.67395,-0.751382
30.112,-0.999683,-3.67395,-0.751382
30.1486,-0.992186,-3.66603,-0.749762
30.185,-0.984744,-3.63854,-0.744139
30.2211,-0.977359,-3.61125,-0.738558
30.257,-0.970028,-3.58416,-0.733019
30.2925,-0.962753,-3.55728,-0.727521
30.3278,-0.955532,-3.5306,-0.722065
30.3629,-0.948366,-3.50412,-0.716649
30.3977,-0.941253,-3.47784,-0.711274
30.4322,-0.934194,-3.45176,-0.70594
30.4664,-0.927187,-3.42587,-0.700645
30.5004,-0.920233,-3.40018,-0.695391
30.5342,-0.913332,-3.37468,-0.690175
30.5677,-0.906482,-3.34937,-0.684999
30.6009,-0.899683,-3.32425,-0.679861
30.6339,-0.892936,-3.29931,-0.674762
30.6667,-0.886238,-3.27457,-0.669702
30.6992,-0.879592,-3.25001,-0.664679
30.7314,-0.872995,-3.22563,-0.659694
30.7634,-0.866447,-3.20144,-0.654746
30.7952,-0.859949,-3.17743,-0.649835
30.8267,-0.853499,-3.1536,-0.644962
30.858,-0.847098,-3.12995,-0.640124
30.8891,-0.840745,-3.10647,-0.635324
30.9199,-0.834439,-3.08318,-0.630559
30.9505,-0.828181,-3.06005,-0.625829
30.9809,-0.82197,-3.0371,-0.621136
31.011,-0.815805,-3.01432,-0.616477
31.041,-0.809686,-2.99172,-0.611854
31.0707,-0.803614,-2.96928,-0.607265
31.1001,-0.797587,-2.94701,-0.60271
31.1294,-0.791605,-2.92491,-0.59819
31.1584,-0.785668,-2.90297,-0.593703
31.1872,-0.779775,-2.8812,-0.589251
31.2158,-0.773927,-2.85959,-0.584831
31.2442,-0.768122,-2.83814,-0.580445
31.2724,-0.762361,-2.81685,-0.576092
31.3003,-0.756644,-2.79573,-0.571771
31.3281,-0.750969,-2.77476,-0.567483
31.3556,-0.745337,-2.75395,-0.563227
31.3829,-0.739747,-2.73329,-0.559002
31.4101,-0.734199,-2.71279,-0.55481
31.437,-0.728692,-2.69245,-0.550649
31.4637,-0.723227,-2.67226,-0.546519
31.4902,-0.717803,-2.65221,-0.54242
31.5166,-0.712419,-2.63232,-0.538352
31.5427,-0.707076,-2.61258,-0.534314
31.5686,-0.701773,-2.59299,-0.530307
31.5944,-0.69651,-2.57354,-0.52633
31.6199,-0.691286,-2.55424,-0.522382
31.6452,-0.686101,-2.53508,-0.518464
31.6704,-0.680955,-2.51607,-0.514576
31.6954,-0.675848,-2.4972,-0.510717
31.7202,-0.670779,-2.47847,-0.506886
31.7448,-0.665748,-2.45988,-0.503085
31.7692,-0.660755,-2.44143,-0.499311
31.7934,-0.6558,-2.42312,-0.495567
31.8175,-0.650881,-2.40495,-0.49185
31.8413,-0.646,-2.38691,-0.488161
31.865,-0.641155,-2.36901,-0.4845
31.8885,-0.636346,-2.35124,-0.480866
31.9119,-0.631573,-2.3336,-0.477259
31.935,-0.626837,-2.3161,-0.47368
31.958,-0.622135,-2.29873,-0.470127
31.9808,-0.617469,-2.28149,-0.466601
32.0035,-0.612838,-2.26438,-0.463102
32.0259,-0.608242,-2.2474,-0.459629
32.0482,-0.60368,-2.23054,-0.456181
32.0704,-0.599153,-2.21381,-0.45276
32.0924,-0.594659,-2.19721,-0.449364
32.1142,-0.590199,-2.18073,-0.445994
32.1358,-0.585772,-2.16437,-0.442649
32.1573,-0.581379,-2.14814,-0.439329
32.1786,-0.577019,-2.13203,-0.436034
32.1998,-0.572691,-2.11604,-0.432764
32.2208,-0.568396,-2.10017,-0.429518
32.2416,-0.564133,-2.08442,-0.426297
32.2623,-0.559902,-2.06879,-0.4231
32.2828,-0.555703,-2.05327,-0.419927
32.3032,-0.551535,-2.03787,-0.416777
32.3234,-0.547398,-2.02259,-0.413651
32.3435,-0.543293,-2.00742,-0.410549
32.3634,-0.539218,-1.99236,-0.40747
32.3832,-0.535174,-1.97742,-0.404414
32.4028,-0.53116,-1.96259,-0.401381
32.4223,-0.527177,-1.94787,-0.39837
32.4417,-0.523223,-1.93326,-0.395382
32.4608,-0.519299,-1.91876,-0.392417
32.4799,-0.515404,-1.90437,-0.389474
32.4988,-0.511538,-1.89009,-0.386553
32.5175,-0.507702,-1.87591,-0.383654
32.5362,-0.503894,-1.86184,-0.380776
32.5546,-0.500115,-1.84788,-0.377921
32.573,-0.496364,-1.83402,-0.375086
32.5912,-0.492641,-1.82026,-0.372273
32.6093,-0.488946,-1.80661,-0.369481
32.6272,-0.485279,-1.79306,-0.36671
32.645,-0.48164,-1.77961,-0.36396
32.6626,-0.478027,-1.76627,-0.36123
32.6802,-0.474442,-1.75302,-0.358521
32.6976,-0.470884,-1.73987,-0.355832
32.7148,-0.467352,-1.72682,-0.353163
32.732,-0.463847,-1.71387,-0.350514
32.749,-0.460368,-1.70102,-0.347885
32.7659,-0.456916,-1.68826,-0.345276
32.7826,-0.453489,-1.6756,-0.342687
32.7993,-0.450088,-1.66303,-0.340117
32.8158,-0.446712,-1.65056,-0.337566
32.8321,-0.443362,-1.63818,-0.335034
32.8484,-0.440036,-1.62589,-0.332521
32.8645,-0.436736,-1.6137,-0.330027
32.8806,-0.433461,-1.6016,-0.327552
32.8965,-0.43021,-1.58958,-0.325095
32.9122,-0.426983,-1.57766,-0.322657
32.9279,-0.423781,-1.56583,-0.320237
32.9434,-0.420602,-1.55409,-0.317835
32.9589,-0.417448,-1.54243,-0.315452
32.9742,-0.414317,-1.53086,-0.313086
32.9894,-0.41121,-1.51938,-0.310738
33.0044,-0.408125,-1.50799,-0.308407
33.0194,-0.405065,-1.49668,-0.306094
33.0343,-0.402027,-1.48545,-0.303798
33.049,-0.399011,-1.47431,-0.30152
33.0636,-0.396019,-1.46325,-0.299259
33.0782,-0.393049,-1.45228,-0.297014
33.0926,-0.390101,-1.44139,-0.294786
33.1069,-0.387175,-1.43058,-0.292576
33.1211,-0.384271,-1.41985,-0.290381
33.1352,-0.381389,-1.4092,-0.288203
33.1491,-0.378529,-1.39863,-0.286042
33.163,-0.37569,-1.38814,-0.283897
33.1768,-0.372872,-1.37773,-0.281767
33.1905,-0.370076,-1.36739,-0.279654
33.2041,-0.3673,-1.35714,-0.277557
33.2175,-0.364545,-1.34696,-0.275475
33.2309,-0.361811,-1.33686,-0.273409
33.2442,-0.359098,-1.32683,-0.271358
33.2573,-0.356404,-1.31688,-0.269323
33.2704,-0.353731,-1.307,-0.267303
33.2834,-0.351078,-1.2972,-0.265298
33.2962,-0.348445,-1.28747,-0.263309
33.309,-0.345832,-1.27782,-0.261334
33.3217,-0.343238,-1.26823,-0.259374
33.3343,-0.340664,-1.25872,-0.257429
33.3468,-0.338109,-1.24928,-0.255498
33.3592,-0.335573,-1.23991,-0.253582
33.3715,-0.333056,-1.23061,-0.25168
33.3837,-0.330558,-1.22138,-0.249792
33.3958,-0.328079,-1.21222,-0.247919
33.4079,-0.325619,-1.20313,-0.246059
33.4198,-0.323176,-1.19411,-0.244214
33.4317,-0.320753,-1.18515,-0.242382
33.4434,-0.318347,-1.17626,-0.240564
33.4551,-0.315959,-1.16744,-0.23876
33.4667,-0.31359,-1.15868,-0.23697
33.4782,-0.311238,-1.14999,-0.235192
33.4896,-0.308903,-1.14137,-0.233428
33.5009,-0.306587,-1.13281,-0.231678
33.5122,-0.304287,-1.12431,-0.22994
33.5233,-0.302005,-1.11588,-0.228215
33.5344,-0.29974,-1.10751,-0.226504
33.5454,-0.297492,-1.09921,-0.224805
33.5563,-0.295261,-1.09096,-0.223119
33.5671,-0.293046,-1.08278,-0.221446
33.5779,-0.290849,-1.07466,-0.219785
33.5885,-0.288667,-1.0666,-0.218136
33.5991,-0.286502,-1.0586,-0.2165
33.6096,-0.284353,-1.05066,-0.214877
33.6201,-0.282221,-1.04278,-0.213265
33.6304,-0.280104,-1.03496,-0.211666
33.6407,-0.278003,-1.0272,-0.210078
33.6509,-0.275918,-1.01949,-0.208502
33.661,-0.273849,-1.01185,-0.206939
33.671,-0.271795,-1.00426,-0.205387
33.681,-0.269757,-0.996725,-0.203846
33.6909,-0.267733,-0.98925,-0.202317
33.7007,-0.265725,-0.981831,-0.2008
33.7105,-0.263732,-0.974467,-0.199294
33.7201,-0.261754,-0.967158,-0.197799
33.7297,-0.259791,-0.959905,-0.196316
33.7393,-0.257843,-0.952705,-0.194843
33.7487,-0.255909,-0.94556,-0.193382
33.7581,-0.25399,-0.938468,-0.191932
33.7674,-0.252085,-0.93143,-0.190492
33.7767,-0.250194,-0.924444,-0.189064
33.7858,-0.248318,-0.917511,-0.187646
33.7949,-0.246455,-0.910629,-0.186238
33.804,-0.244607,-0.9038,-0.184842
33.8129,-0.242772,-0.897021,-0.183455
33.8218,-0.240952,-0.890294,-0.182079
33.8307,-0.239144,-0.883616,-0.180714
33.8395,-0.237351,-0.876989,-0.179358
33.8482,-0.235571,-0.870412,-0.178013
33.8568,-0.233804,-0.863884,-0.176678
33.8654,-0.23205,-0.857405,-0.175353
33.8739,-0.23031,-0.850974,-0.174038
33.8823,-0.228583,-0.844592,-0.172733
33.8907,-0.226868,-0.838257,-0.171437
33.899,-0.225167,-0.83197,-0.170151
33.9073,-0.223478,-0.825731,-0.168875
33.9155,-0.221802,-0.819538,-0.167609
33.9236,-0.220138,-0.813391,-0.166351
33.9317,-0.218487,-0.807291,-0.165104
33.9397,-0.216849,-0.801236,-0.163866
33.9476,-0.215222,-0.795227,-0.162637
33.9555,-0.213608,-0.789263,-0.161417
33.9634,-0.212006,-0.783343,-0.160206
33.9712,-0.210416,-0.777468,-0.159005
33.9789,-0.208838,-0.771637,-0.157812
33.9865,-0.207272,-0.76585,-0.156629
33.9941,-0.205717,-0.760106,-0.155454
34.0017,-0.204174,-0.754405,-0.154288
34.0092,-0.202643,-0.748747,-0.153131
34.0166,-0.201123,-0.743131,-0.151982
34.024,-0.199615,-0.737558,-0.150842
34.0313,-0.198118,-0.732026,-0.149711
34.0386,-0.196632,-0.726536,-0.148588
34.0458,-0.195157,-0.721087,-0.147474
34.0529,-0.193693,-0.715679,-0.146368
34.06,-0.192241,-0.710311,-0.14527
34.0671,-0.190799,-0.704984,-0.14418
34.0741,-0.189368,-0.699697,-0.143099
34.081,-0.187948,-0.694449,-0.142026
34.0879,-0.186538,-0.68924,-0.140961
34.0947,-0.185139,-0.684071,-0.139903
34.1015,-0.18375,-0.678941,-0.138854
34.1083,-0.182372,-0.673849,-0.137813
34.115,-0.181004,-0.668795,-0.136779
34.1216,-0.179647,-0.663779,-0.135753
34.1282,-0.1783,-0.6588,-0.134735
34.1347,-0.176962,-0.653859,-0.133725
34.1412,-0.175635,-0.648955,-0.132722
34.1477,-0.174318,-0.644088,-0.131726
34.154,-0.17301,-0.639258,-0.130738
34.1604,-0.171713,-0.634463,-0.129758
34.1667,-0.170425,-0.629705,-0.128785
34.1729,-0.169147,-0.624982,-0.127819
34.1791,-0.167878,-0.620295,-0.12686
34.1853,-0.166619,-0.615642,-0.125909
34.1914,-0.16537,-0.611025,-0.124964
34.1975,-0.164129,-0.606442,-0.124027
34.2035,-0.162898,-0.601894,-0.123097
34.2095,-0.161677,-0.59738,-0.122174
34.2154,-0.160464,-0.592899,-0.121257
34.2213,-0.159261,-0.588453,-0.120348
34.2271,-0.158066,-0.584039,-0.119445
34.2329,-0.156881,-0.579659,-0.11855
34.2387,-0.155704,-0.575312,-0.11766
34.2444,-0.154536,-0.570997,-0.116778
34.25,-0.153377,-0.566714,-0.115902
34.2557,-0.152227,-0.562464,-0.115033
34.2613,-0.151085,-0.558245,-0.11417
34.2668,-0.149952,-0.554059,-0.113314
34.2723,-0.148827,-0.549903,-0.112464
34.2778,-0.147711,-0.545779,-0.111621
34.2832,-0.146603,-0.541686,-0.110783
34.2885,-0.145504,-0.537623,-0.109952
34.2939,-0.144413,-0.533591,-0.109128
34.2992,-0.143329,-0.529589,-0.108309
34.3044,-0.142254,-0.525617,-0.107497
34.3097,-0.141188,-0.521675,-0.106691
34.3148,-0.140129,-0.517762,-0.105891
34.32,-0.139078,-0.513879,-0.105096
34.3251,-0.138035,-0.510025,-0.104308
34.3301,-0.136999,-0.5062,-0.103526
34.3352,-0.135972,-0.502403,-0.102749
34.3401,-0.134952,-0.498635,-0.101979
34.3451,-0.13394,-0.494895,-0.101214
34.35,-0.132935,-0.491184,-0.100455
34.3549,-0.131938,-0.4875,-0.0997015
34.3597,-0.130949,-0.483844,-0.0989538
34.3645,-0.129967,-0.480215,-0.0982116
34.3693,-0.128992,-0.476613,-0.097475
34.374,-0.128024,-0.473039,-0.096744
34.3787,-0.127064,-0.469491,-0.0960184
34.3834,-0.126111,-0.46597,-0.0952982
34.388,-0.125165,-0.462475,-0.0945835
34.3926,-0.124227,-0.459006,-0.0938741
34.3971,-0.123295,-0.455564,-0.0931701
34.4017,-0.12237,-0.452147,-0.0924713
34.4061,-0.121453,-0.448756,-0.0917778
34.4106,-0.120542,-0.44539,-0.0910894
34.415,-0.119638,-0.44205,-0.0904063
34.4194,-0.11874,-0.438734,-0.0897282
34.4238,-0.11785,-0.435444,-0.0890552
34.4281,-0.116966,-0.432178,-0.0883873
34.4324,-0.116089,-0.428937,-0.0877244
34.4366,-0.115218,-0.42572,-0.0870665
34.4409,-0.114354,-0.422527,-0.0864135
34.445,-0.113496,-0.419358,-0.0857654
34.4492,-0.112645,-0.416213,-0.0851222
34.4533,-0.1118,-0.413091,-0.0844837
34.4574,-0.110962,-0.409993,-0.0838501
34.4615,-0.110129,-0.406918,-0.0832212
34.4656,-0.109303,-0.403866,-0.0825971
34.4696,-0.108484,-0.400837,-0.0819776
34.4735,-0.10767,-0.397831,-0.0813628
34.4775,-0.106863,-0.394847,-0.0807525
34.4814,-0.106061,-0.391886,-0.0801469
34.4853,-0.105266,-0.388947,-0.0795458
34.4892,-0.104476,-0.386029,-0.0789492
34.493,-0.103693,-0.383134,-0.0783571
34.4968,-0.102915,-0.380261,-0.0777694
34.5006,-0.102143,-0.377409,-0.0771861
34.5043,-0.101377,-0.374578,-0.0766072
34.508,-0.100617,-0.371769,-0.0760327
34.5117,-0.099862,-0.368981,-0.0754624
34.5154,-0.099113,-0.366213,-0.0748965
34.519,-0.0983696,-0.363467,-0.0743347
34.5226,-0.0976319,-0.360741,-0.0737772
34.5262,-0.0968996,-0.358035,-0.0732239
34.5298,-0.0961729,-0.35535,-0.0726747
34.5333,-0.0954516,-0.352685,-0.0721297
34.5368,-0.0947357,-0.35004,-0.0715887
34.5403,-0.0940252,-0.347414,-0.0710518
34.5437,-0.09332,-0.344809,-0.0705189
34.5471,-0.0926201,-0.342223,-0.06999
34.5505,-0.0919254,-0.339656,-0.0694651
34.5539,-0.091236,-0.337109,-0.0689441
34.5572,-0.0905517,-0.33458,-0.068427
34.5606,-0.0898726,-0.332071,-0.0679138
34.5639,-0.0891986,-0.32958,-0.0674044
34.5671,-0.0885296,-0.327108,-0.0668989
34.5704,-0.0878656,-0.324655,-0.0663972
34.5736,-0.0872066,-0.32222,-0.0658992
34.5768,-0.0865526,-0.319804,-0.065405
34.58,-0.0859034,-0.317405,-0.0649144
34.5831,-0.0852591,-0.315025,-0.0644276
34.5862,-0.0846197,-0.312662,-0.0639443
34.5893,-0.083985,-0.310317,-0.0634648
34.5924,-0.0833552,-0.30799,-0.0629888
34.5955,-0.08273,-0.30568,-0.0625164
34.5985,-0.0821095,-0.303387,-0.0620475
34.6015,-0.0814937,-0.301112,-0.0615821
34.6045,-0.0808825,-0.298853,-0.0611203
34.6075,-0.0802759,-0.296612,-0.0606619
34.6104,-0.0796738,-0.294387,-0.0602069
34.6133,-0.0790762,-0.292179,-0.0597554
34.6162,-0.0784832,-0.289988,-0.0593072
34.6191,-0.0778946,-0.287813,-0.0588624
34.622,-0.0773103,-0.285655,-0.0584209
34.6248,-0.0767305,-0.283512,-0.0579828
34.6276,-0.076155,-0.281386,-0.0575479
34.6304,-0.0755839,-0.279275,-0.0571163
34.6332,-0.075017,-0.277181,-0.0566879
34.6359,-0.0744544,-0.275102,-0.0562627
34.6387,-0.073896,-0.273039,-0.0558408
34.6414,-0.0733417,-0.270991,-0.055422
34.6441,-0.0727917,-0.268958,-0.0550063
34.6467,-0.0722457,-0.266941,-0.0545938
34.6494,-0.0717039,-0.264939,-0.0541843
34.652,-0.0711661,-0.262952,-0.0537779
34.6546,-0.0706324,-0.26098,-0.0533746
34.6572,-0.0701026,-0.259023,-0.0529743
34.6598,-0.0695769,-0.25708,-0.052577
34.6623,-0.069055,-0.255152,-0.0521826
34.6649,-0.0685371,-0.253238,-0.0517913
34.6674,-0.0680231,-0.251339,-0.0514028
34.6699,-0.0675129,-0.249454,-0.0510173
34.6724,-0.0670066,-0.247583,-0.0506347
34.6748,-0.066504,-0.245726,-0.0502549
34.6773,-0.0660052,-0.243883,-0.049878
